uuid,settings,start,duration,packets,poi_critical_fraction,matches,avg_distance,bandwidth_per_sec,stego_bandwidth
e085eebb-f344-4674-b360-96bcb2d85432,"1 chars, trivial, mode: cs",1740471556.607184,12334.13506269455,7598,0,18,422.1111111111111,0.011674916746739544,0.018952355883127138
f08391af-e7d4-4e87-8ce6-1d6db0547bb1,"1 chars, trivial, mode: cs",1740504945.840779,333.323961019516,10472,0,36,290.8888888888889,0.8640242937204796,0.02750190985485103
5b81c1bf-b574-4e03-9aef-9883ef11b4e1,"1 chars, trivial, mode: cs",1740517839.8761158,27177.698753118515,8030,0,16,501.875,0.004709743866202527,0.01594022415940224
8943dffe-9db9-4177-adec-d7d4f0376063,"1 chars, trivial, mode: cs",1740696779.2110033,109.38419270515442,2757,0,12,229.75,0.877640522143528,0.03482045701849837
9b80835f-05db-4158-8878-4f83797449d8,"1 chars, trivial, mode: cs",1740696923.0004425,74.94442009925842,2385,0,17,140.2941176470588,1.8146781284033944,0.0570230607966457
34ba0a64-36c0-478a-a86f-42fe50e5e302,"1 chars, trivial, mode: cs",1740697055.1849484,31644.695429325104,8047,0,12,670.5833333333334,0.003033683803795972,0.01192991176836088
6379855e-9a09-49ca-90da-8ab3dd99633f,"1 chars, trivial, mode: cs",1740729098.8190818,19572.967841148376,6943,0,12,578.5833333333334,0.004904723738327439,0.013826875990205963
