mean_D,std_D,mean_p_value
0.08029262078374846,0.10757569693268218,2.3116892980046567e-05
