mean_D,std_D,mean_p_value
0.08031904814663002,0.10744043527072883,4.420758341357351e-05
