mean_D,std_D,mean_p_value
0.08013536507521096,0.10740139770397769,2.5636520977612182e-05
